title,source,upvote
Lazy-brush – smooth drawing with mouse or finger,https://lazybrush.dulnan.net,133
Prime Number Grid,https://susam.net/primegrid.html,13
OpenMower – An open source lawn mower,https://github.com/ClemensElflein/OpenMower,253
Croatia just revised its digital nomad visa to last up to 3 years,https://www.cnbc.com/2025/08/15/croatia-digital-nomad-visa.html,34
X-ray scans reveal Buddhist prayers inside tiny Tibetan scrolls,https://www.popsci.com/technology/tibetan-prayer-scroll-scans/,108
"Tiny-tpu: A minimal tensor processing unit (TPU), inspired by Google's TPU",https://github.com/tiny-tpu-v2/tiny-tpu,165
"Show HN: Whispering – Open-source, local-first dictation you can trust",https://github.com/epicenter-so/epicenter/tree/main/apps/whispering,370
Obsidian Bases,https://help.obsidian.md/bases,479
Counter-Strike: A billion-dollar game built in a dorm room,https://www.nytimes.com/2025/08/18/arts/counter-strike-half-life-minh-le.html,342
Show HN: I built an app to block Shorts and Reels,https://scrollguard.app/,559
How to Build a Medieval Castle,https://archaeology.org/issues/september-october-2025/features/how-to-build-a-medieval-castle/,19
Ted Chiang: The Secret Third Thing,https://linch.substack.com/p/ted-chiang-review,88
Left to Right Programming,https://graic.net/p/left-to-right-programming,288
FFmpeg Assembly Language Lessons,https://github.com/FFmpeg/asm-lessons,353
Croatian freediver held breath for 29 minutes,https://divernet.com/scuba-news/freediving/how-croatian-freediver-held-breath-for-29-minutes/,188
Association for the Preservation of Spiritualist and Occult Periodicals,https://iapsop.com,26
An IRC-Enabled Lawn Mower (2021),https://jotunheimr.idlerpg.net/users/jotun/lawnmower/,80
Show HN: We started building an AI dev tool but it turned into a Sims-style game,https://www.youtube.com/watch?v=sRPnX_f2V_c,120
How to free up and automatically manage disk space for WSL,https://www.freecodecamp.org/news/how-to-free-up-and-automatically-manage-disk-space-for-wsl-on-windows-1011/,43
Walkie-Textie Wireless Communicator,http://www.technoblogy.com/show?2AON,137
"Electromechanical reshaping,  an alternative to laser eye surgery",https://medicalxpress.com/news/2025-08-alternative-lasik-lasers.html,236
Anna's Archive: An Update from the Team,https://annas-archive.org/blog/an-update-from-the-team.html,904
Newgrounds: Flash Forward 2025,https://www.newgrounds.com/bbs/topic/1542140,65
A general Fortran code for solutions of problems in space mechanics [pdf],https://jonathanadams.pro/blog-articles/Nasa-Fortran-Code-1963.pdf,42
Shamelessness as a strategy (2019),https://nadia.xyz/shameless,152
The rising returns to R&D: Ideas are not getting harder to find,https://papers.ssrn.com/sol3/papers.cfm?abstract_id=5242171,94
Launch HN: Reality Defender (YC W22) – API for Deepfake and GenAI Detection,https://www.realitydefender.com/platform/api,78
Show HN: I built a toy TPU that can do inference and training on the XOR problem,https://www.tinytpu.com,93
Precision mapping tracks woody plant spread across Great Plains grasslands,https://phys.org/news/2025-07-precision-tracks-woody-great-plains.html,18
Lazy-brush – smooth drawing with mouse or finger,https://lazybrush.dulnan.net,131
Prime Number Grid,https://susam.net/primegrid.html,13
OpenMower – An open source lawn mower,https://github.com/ClemensElflein/OpenMower,253
Croatia just revised its digital nomad visa to last up to 3 years,https://www.cnbc.com/2025/08/15/croatia-digital-nomad-visa.html,34
X-ray scans reveal Buddhist prayers inside tiny Tibetan scrolls,https://www.popsci.com/technology/tibetan-prayer-scroll-scans/,108
"Tiny-tpu: A minimal tensor processing unit (TPU), inspired by Google's TPU",https://github.com/tiny-tpu-v2/tiny-tpu,164
"Show HN: Whispering – Open-source, local-first dictation you can trust",https://github.com/epicenter-so/epicenter/tree/main/apps/whispering,370
Obsidian Bases,https://help.obsidian.md/bases,479
Counter-Strike: A billion-dollar game built in a dorm room,https://www.nytimes.com/2025/08/18/arts/counter-strike-half-life-minh-le.html,341
Show HN: I built an app to block Shorts and Reels,https://scrollguard.app/,559
How to Build a Medieval Castle,https://archaeology.org/issues/september-october-2025/features/how-to-build-a-medieval-castle/,19
Ted Chiang: The Secret Third Thing,https://linch.substack.com/p/ted-chiang-review,88
Left to Right Programming,https://graic.net/p/left-to-right-programming,288
FFmpeg Assembly Language Lessons,https://github.com/FFmpeg/asm-lessons,353
Croatian freediver held breath for 29 minutes,https://divernet.com/scuba-news/freediving/how-croatian-freediver-held-breath-for-29-minutes/,187
Association for the Preservation of Spiritualist and Occult Periodicals,https://iapsop.com,26
An IRC-Enabled Lawn Mower (2021),https://jotunheimr.idlerpg.net/users/jotun/lawnmower/,80
How to free up and automatically manage disk space for WSL,https://www.freecodecamp.org/news/how-to-free-up-and-automatically-manage-disk-space-for-wsl-on-windows-1011/,43
Show HN: We started building an AI dev tool but it turned into a Sims-style game,https://www.youtube.com/watch?v=sRPnX_f2V_c,119
Walkie-Textie Wireless Communicator,http://www.technoblogy.com/show?2AON,137
"Electromechanical reshaping,  an alternative to laser eye surgery",https://medicalxpress.com/news/2025-08-alternative-lasik-lasers.html,234
Anna's Archive: An Update from the Team,https://annas-archive.org/blog/an-update-from-the-team.html,904
Newgrounds: Flash Forward 2025,https://www.newgrounds.com/bbs/topic/1542140,64
A general Fortran code for solutions of problems in space mechanics [pdf],https://jonathanadams.pro/blog-articles/Nasa-Fortran-Code-1963.pdf,42
Shamelessness as a strategy (2019),https://nadia.xyz/shameless,152
The rising returns to R&D: Ideas are not getting harder to find,https://papers.ssrn.com/sol3/papers.cfm?abstract_id=5242171,94
Launch HN: Reality Defender (YC W22) – API for Deepfake and GenAI Detection,https://www.realitydefender.com/platform/api,78
Show HN: I built a toy TPU that can do inference and training on the XOR problem,https://www.tinytpu.com,92
Precision mapping tracks woody plant spread across Great Plains grasslands,https://phys.org/news/2025-07-precision-tracks-woody-great-plains.html,18
Lab-grown salmon hits the menu,https://www.smithsonianmag.com/smart-news/lab-grown-salmon-hits-the-menu-at-an-oregon-restaurant-as-the-fda-greenlights-the-cell-cultured-product-180986769/,135
Typechecker Zoo,https://sdiehl.github.io/typechecker-zoo/,170
Show HN: Fractional jobs – part-time roles for engineers,https://www.fractionaljobs.io,223
T-Mobile claimed selling location data without consent is legal–judges disagree,https://arstechnica.com/tech-policy/2025/08/t-mobile-claimed-selling-location-data-without-consent-is-legal-judges-disagree/,319
What services or apps did you see abroad and wonder: why don't we have them?,item?id=44948748,9
Structured (Synchronous) Concurrency,https://fsantanna.github.io/sc.html,31
"MCP doesn't need tools, it needs code",https://lucumr.pocoo.org/2025/8/18/code-mcps/,203
The Cutaway Illustrations of Fred Freeman (2016),https://5wgraphicsblog.com/2016/10/24/the-cutaway-illustrations-of-fred-freeman/,82
The lottery ticket hypothesis: why neural networks work,https://nearlyright.com/how-ai-researchers-accidentally-discovered-that-everything-they-thought-about-learning-was-wrong/,88
XZ Utils Backdoor Still Lurking in Docker Images,https://www.binarly.io/blog/persistent-risk-xz-utils-backdoor-still-lurking-in-docker-images,84
The Weight of a Cell,https://www.asimov.press/p/cell-weight,83
What could have been,https://coppolaemilio.com/entries/what-could-have-been/,131
Britain Drops Request That Apple Create a Back Door,https://www.nytimes.com/2025/08/19/technology/britain-apple-back-door.html,11
SystemD Service Hardening,https://roguesecurity.dev/blog/systemd-hardening,257
Sikkim and the Himalayan Chess Game (2016),https://www.historytoday.com/archive/feature/sikkim-and-himalayan-chess-game,30
Phrack 72,https://phrack.org/issues/72/1,123
"Court decides ""Pay or Okay"" on DerStandard.at is illegal",https://noyb.eu/en/court-decides-pay-or-okay-derstandardat-illegal,19
Who Invented Backpropagation?,https://people.idsia.ch/~juergen/who-invented-backpropagation.html,184
GenAI FOMO has spurred businesses to light nearly $40B on fire,https://www.theregister.com/2025/08/18/generative_ai_zero_return_95_percent/,207
"Web apps in a single, portable, self-updating, vanilla HTML file",https://hyperclay.com/,608
One person was able to claim 20M IPs,https://lists.nanog.org/archives/list/nanog@lists.nanog.org/thread/MMCCEQKA4UPGGWFWEBWLYKHTYCAOQIZS/#MMCCEQKA4UPGGWFWEBWLYKHTYCAOQIZS,200
Japan opens osmotic power plant,https://japantoday.com/category/tech/japan%27s-1st-osmotic-power-plant-begins-operating-in-fukuoka,8
Countrywide natural experiment links built environment to physical activity,https://www.nature.com/articles/s41586-025-09321-3,57
How much do electric car batteries degrade?,https://www.sustainabilitybynumbers.com/p/electric-car-battery-degradation,113
TREAD: Token Routing for Efficient Architecture-Agnostic Diffusion Training,https://arxiv.org/abs/2501.04765,34
Macintosh Drawing Software Compared (2021),https://blog.gingerbeardman.com/2021/04/24/macintosh-drawing-software-compared/,25
My Retro TVs,https://www.myretrotvs.com/,137
The Lives and Loves of James Baldwin,https://www.newyorker.com/magazine/2025/08/18/baldwin-a-love-story-nicholas-boggs-book-review,93
Image Fulgurator (2011),https://juliusvonbismarck.com/bank/index.php/projects/image-fulgurator/2/,49
Vibe coding tips and tricks,https://github.com/awslabs/mcp/blob/main/VIBE_CODING_TIPS_TRICKS.md,196
"Mindless Machines, Mindless Myths",https://lareviewofbooks.org/article/mindless-machines-mindless-myths/,41
The Java type system is broken,https://wouter.coekaerts.be/2018/java-type-system-broken,23
8x19 Text Mode Font Origins,https://www.os2museum.com/wp/8x19-text-mode-font-origins/,67
Sky Calendar,https://abramsplanetarium.org/SkyCalendar/index.html,61
LinkedIn is the fakest platform of them all,https://www.prospectmagazine.co.uk/ideas/technology/70741/linkedin-is-the-fakest-platform-of-them-all,52
DBCrust – A modern database CLI,https://github.com/clement-tourriere/dbcrust,25
Apple and Amazon will miss AI like Intel missed mobile,https://gmays.com/the-biggest-bet-in-tech/,72
Finding a Successor to the FHS,https://lwn.net/SubscriberLink/1032947/67e23ce1a3f9f129/,40
Starting game development in JavaScript with no experience,https://jslegenddev.substack.com/p/how-to-start-making-games-in-javascript,69
A gigantic jet caught on camera: A spritacular moment for NASA astronaut,https://science.nasa.gov/science-research/heliophysics/a-gigantic-jet-caught-on-camera-a-spritacular-moment-for-nasa-astronaut-nicole-ayers/,383
Nvidia Tilus: A Tile-Level GPU Kernel Programming Language,https://github.com/NVIDIA/tilus,88
What learning react won't teach you: Image Formats,https://idiallo.com/blog/react-and-image-format,13
Weather Radar APIs in 2025: A Founder's Complete Market Overview,https://www.rainviewer.com/blog/weather-radar-apis-2025-overview.html,46
We still build with Ruby in 2025,https://www.getlago.com/blog/why-we-still-build-with-ruby-in-2025,42
MCP tools with dependent types,https://vlaaad.github.io/mcp-tools-with-dependent-types,72
A continuous stream of vintage computing artifacts from the Internet Archive,https://github.com/jgbrwn/retro-computing-stream,11
Texas law gives grid operator power to disconnect data centers during crisis,https://www.utilitydive.com/news/texas-law-gives-grid-operator-power-to-disconnect-data-centers-during-crisi/751587/,138
"AI is predominantly replacing outsourced, offshore workers",https://www.axios.com/2025/08/18/ai-jobs-layoffs,160
In-Memory Filesystems in Rust,https://andre.arko.net/2025/08/18/in-memory-filesystems-in-rust/,4
Mangle – a language for deductive database programming,https://github.com/google/mangle,99
Jailbroken iDevices may be able to run macOS natively,https://old.reddit.com/r/jailbreak/comments/1mn7mk1/your_jailbroken_idevices_may_be_able_to_run_macos/,4
95% of generative AI pilots at companies are failing – MIT report,https://fortune.com/2025/08/18/mit-report-95-percent-generative-ai-pilots-at-companies-failing-cfo/,162
Clojure Async Flow Guide,https://clojure.github.io/core.async/flow-guide.html,209
Intel Foundry Demonstrates First Arm-Based Chip on 18A Node – HotHardware,https://hothardware.com/news/intel-foundry-demos-deer-creek-falls-reference-soc,15
White House in Talks with Intel for 10% U.S. Government Stake,https://www.wsj.com/tech/intel-us-government-stake-22a7f987,68
Viking-Age hoard reveals trade between England and the Islamic World,https://www.heritagedaily.com/2025/08/viking-age-hoard-reveals-trade-between-england-and-the-islamic-world/155786,64
Turning an iPad Pro into the Ultimate Classic Macintosh (2021),https://blog.gingerbeardman.com/2021/04/17/turning-an-ipad-pro-into-the-ultimate-classic-macintosh/,78
Claudia – Desktop companion for Claude code,https://claudiacode.com/,488
LLMs and coding agents are a security nightmare,https://garymarcus.substack.com/p/llms-coding-agents-security-nightmare,184
Modifying other people's software,https://natkr.com/2025-08-14-modifying-other-peoples-software/,85
Scientists discover surprising language 'shortcuts' in birdsong – like humans,https://www.manchester.ac.uk/about/news/scientists-discover-surprising-language-shortcuts-in-birdsong--just-like-humans/,44
Class-action suit claims Otter AI records private work conversations,https://www.npr.org/2025/08/15/g-s1-83087/otter-ai-transcription-class-action-lawsuit,141
The Enterprise Experience,https://churchofturing.github.io/the-enterprise-experience.html,487
"Bulk Carrier Explosion Baltimore, MD",https://www.youtube.com/watch?v=pPIabnSziVc,7
I Prefer RST to Markdown (2024),https://buttondown.com/hillelwayne/archive/why-i-prefer-rst-to-markdown/,109
Code suggests Apple is working on an M4 Ultra chip for new Mac Pro,https://www.macworld.com/article/2878416/code-suggests-apple-is-working-on-an-m4-ultra-chip-for-new-mac-pro.html,6
Unification (2018),https://eli.thegreenplace.net/2018/unification/,61
Just People in a Room,https://www.bonnycode.com/posts/just-people-in-a-room/,6
MS-DOS development resources,https://github.com/SuperIlu/DOSDevelResources/blob/main/README.md,123
Non-Uniform Memory Access (NUMA) is reshaping microservice placement,https://codemia.io/blog/path/NUMA-Is-the-New-Network-How-Per-Socket-Memory-Models-Are-Reshaping-Microservice-Placement,95
AI Is a Mass-Delusion Event,https://www.theatlantic.com/technology/archive/2025/08/ai-mass-delusion-event/683909/,63
What would happen if USA started faking its economic data? Lessons from others,https://www.cnn.com/2025/08/18/business/countries-fake-economic-data,36
A Fuzzy Escape – A tale of vulnerability research on hypervisors,https://bughunters.google.com/blog/5800341475819520/a-fuzzy-escape-a-tale-of-vulnerability-research-on-hypervisors,3
LLMs tell bad jokes because they avoid surprises,https://danfabulich.medium.com/llms-tell-bad-jokes-because-they-avoid-surprises-7f111aac4f96,138
"""Stop children using VPNs to watch porn"", UK politicians told",https://www.bbc.co.uk/news/articles/cn438z3ejxyo,8
LL3M: Large Language 3D Modelers,https://threedle.github.io/ll3m/,432
Llama-Scan: Convert PDFs to Text W Local LLMs,https://github.com/ngafar/llama-scan,214
"Here be dragons: Preventing static damage, latchup, and metastability in the 386",http://www.righto.com/2025/08/static-latchup-metastability-386.html,96
Faster Index I/O with NVMe SSDs,https://www.marginalia.nu/log/a_123_index_io/,167
"When you're asking AI chatbots for answers, they're data-mining you",https://www.theregister.com/2025/08/18/opinion_column_ai_surveillance/,157
Google admits anti-competitive conduct involving Google Search in Australia,https://www.accc.gov.au/media-release/google-admits-anti-competitive-conduct-involving-google-search-in-australia,291
"SuperSight: A graphical enhancement mod for Brøderbund's ""Stunts""",https://marnetto.net/2025/02/20/broderbund-stunts-1,185
Node.js is able to execute TypeScript files without additional configuration,https://nodejs.org/en/blog/release/v22.18.0,433
Ask HN: Has there been an increase in online censorship due to AI search's rise?,item?id=44947611,5
Robots.txt is a suicide note (2011),https://wiki.archiveteam.org/index.php/Robots.txt,83
Show HN: A Minimal Hacker News Reader for Apple Watch Built with SwiftUI,https://github.com/wieslawsoltes/HackerNewsWatch,62
Federal court decision finds cellphone tower-dumping searches unconstitutional,https://www.courtwatch.news/p/we-fought-the-law-the-law-relented,27
How to Think About GPUs,https://jax-ml.github.io/scaling-book/gpus/,12
Show HN: OverType – A Markdown WYSIWYG editor that's just a textarea,item?id=44932651,446
How to destroy harmful 'forever chemicals',https://www.bbc.com/news/articles/clydd630pxzo,7
A short statistical reasoning test,https://emiruz.com/post/2025-08-17-statistical-reasoning/,55
"Derivatives, Gradients, Jacobians and Hessians",https://blog.demofox.org/2025/08/16/derivatives-gradients-jacobians-and-hessians-oh-my/,274
Dispelling misconceptions about RLHF,https://aerial-toothpaste-34a.notion.site/How-OpenAI-Misled-You-on-RLHF-1f83f742d9dd80a68129d06503464aff,120
Electricity prices are climbing more than twice as fast as inflation,https://www.npr.org/2025/08/16/nx-s1-5502671/electricity-bill-high-inflation-ai,313
First Known Humans Genetically Adapted to Diving,https://www.nationalgeographic.com/science/article/bajau-sea-nomads-free-diving-spleen-science,7
Teaching GPT-5 to Use a Computer,https://prava.co/archon/,90
Website is served from nine Neovim buffers on my old ThinkPad,https://vim.gabornyeki.com/,133
The ESP-Rainbow: Flatter Than a Speccy,https://nicole.express/2025/zxtra-sensory-perception.html,6
Aussie ISP iiNet confirms data breach impacting more than 200k customers,https://www.cyberdaily.au/security/12518-aussie-isp-iinet-confirms-data-breach-impacting-more-than-200-000-customers,7
Show HN: Doxx – Terminal .docx viewer inspired by Glow,https://github.com/bgreenwell/doxx,250
Show HN: Strix - Open-source AI hackers for your apps,https://github.com/usestrix/strix,95
Customizing Lisp REPLs,https://aartaka.me/customize-repl.html,9
"The joy of recursion, immutable data, & pure functions: Making mazes with JS",https://jrsinclair.com/articles/2025/joy-of-immutable-data-recursion-pure-functions-javascript-mazes/,16
Newsmax agrees to pay $67M in defamation case over bogus 2020 election claims,https://apnews.com/article/dominion-voting-newsmax-defamation-trump-2020-3b2366dfdae3a8432afe822bf14fe1ef,172
IQ tests results for AI,https://www.trackingai.org/home,218
AI accounts impersonating doctors on social media [video],https://www.youtube.com/watch?v=iNNA-66vKPE,42
Show HN: Fallinorg - Offline Mac app that organizes files by meaning,https://fallinorg.com/#,87
"BBC Micro, ancestor to ARM",https://retrogamecoders.com/bbc-micro-the-ancestor-to-a-device-you-are-guaranteed-to-own/,136
SoftBank Agrees to Invest $2B in Intel as Part of US Push,https://www.bloomberg.com/news/articles/2025-08-18/softbank-agrees-to-invest-2-billion-in-intel-as-part-of-us-push,5
The Hacker's Renaissance: A Manifesto Reborn,https://phrack.org/issues/72/19,7
Good system design,https://www.seangoedecke.com/good-system-design/,913
Direct File died. Meet the creators planning for its second life,https://fedscoop.com/direct-file-future-of-tax-filing-fellows/,5
Workday suffered a data breach,https://gizmodo.com/hr-giant-workday-got-hacked-2000644474,72
"Show HN: NextDNS Adds ""Bypass Age Verification""",item?id=44931824,512
Show HN: ASCII Tree Editor,https://asciitree.reorx.com/,28
"The UK has agreed to drop its mandate for Apple to provide a ""back door""",https://twitter.com/DNIGabbard/status/1957623737232007638,5
Tesla almost halves monthly payments as UK sales slump,https://www.thetimes.com/business-money/companies/article/tesla-almost-halves-monthly-payments-as-uk-sales-slump-7nfkbsw8g,14
Novo Nordisk offers Ozempic at $499/month to eligible US cash-paying customers,https://www.reuters.com/business/healthcare-pharmaceuticals/novo-nordisk-offers-ozempic-499-per-month-eligible-us-cash-paying-customers-2025-08-18/,19
Big Tech Pledged Billions for Housing. The Results Aren't Living Up to the Hype,https://www.wsj.com/real-estate/tech-companies-affordable-housing-pledges-ecd91f4a,8
Fun with Finite State Transducers,https://blog.yossarian.net/2025/08/14/Fun-with-finite-state-transducers,45
What sets great managers apart,https://www.hellmayr.com/blog/2025-08-17-great-managers,30
"VictoriaLogs Practical Ingestion Guide for Message, Time and Streams",https://victoriametrics.com/blog/victorialogs-concepts-message-time-stream/index.html,58
The Photographic Periodic Table of the Elements (2017),https://periodictable.com,40
Ukraine gives award to foreign vigilantes for hacks on Russia (2024),https://www.bbc.com/news/technology-68722542,40
Playing With Fire - Are Russia's hybrid attacks the new European war?,https://investigations.news-exchange.ebu.ch/playing-with-fire-are-russias-hybrid-attacks-the-new-european-war/,4
Why Nim?,https://undefined.pyfy.ch/why-nim,183
PuTTY has a new website,https://putty.software/,497
Sunny days are warm: why LinkedIn rewards mediocrity,https://www.elliotcsmith.com/linkedin-toxic-mediocrity/,465
ArchiveTeam has finished archiving all goo.gl short links,https://tracker.archiveteam.org/goo-gl/,411
Wan – Open-source alternative to VEO 3,https://github.com/Wan-Video/Wan2.2,218
Primitive Streaming Gods (2018),https://tedium.co/2018/01/30/legal-music-streaming-history/,25
Tversky Neural Networks,https://gonzoml.substack.com/p/tversky-neural-networks,130
Gaussian Processes for Machine Learning [pdf],https://gaussianprocess.org/gpml/chapters/RW.pdf,8
OpenAI Progress,https://progress.openai.com,388
GDPR meant nothing: chat control ends privacy for the EU [video],https://www.youtube.com/watch?v=3NyUgv6dpJc,446
It’s OK to block ads (2015),https://blog.practicalethics.ox.ac.uk/2015/10/why-its-ok-to-block-ads/,115
An argument for increasing TCP's initial congestion window (2024),https://jeclark.net/articles/tcp-initcwnd/?tag=performance,106
Philosophical Thoughts on Kolmogorov-Arnold Networks,https://kindxiaoming.github.io/blog/2024/kolmogorov-arnold-networks/,5
Who does your assistant serve?,https://xeiaso.net/blog/2025/who-assistant-serve/,167
Railsjazz/Rails_charts: Rails Charts Using ECharts from Apache,https://github.com/railsjazz/rails_charts,10
Meta investigated over AI having 'sensual' chats with children,https://www.bbc.com/news/articles/c3dpmlvx1k2o,44
"Qwen-Image-Edit: en/zh text editing,preserving style,semantic/appearance editing",https://twitter.com/Alibaba_Qwen/status/1957500569029079083,11
"Show HN: unsafehttp – tiny web server from scratch in C, running on an orange pi",http://unsafehttp.benren.au,85
A Visual Exploration of Gaussian Processes (2019),https://distill.pub/2019/visual-exploration-gaussian-processes/,83
FFmpeg moves to Forgejo,https://code.ffmpeg.org/FFmpeg/FFmpeg,356
Whistleblower Reveals Colombia's Oil Spill Coverups,https://oilprice.com/Energy/Energy-General/Whistleblower-Reveals-Colombias-Oil-Spill-Coverups.html,19
"System Guide: Five sample PC builds, from $500 to $5k",https://arstechnica.com/gadgets/2025/08/ars-technica-system-guide-back-to-pc-building-for-back-to-school/,3
The future of large files in Git is Git,https://tylercipriani.com/blog/2025/08/15/git-lfs/,547
Eliminating JavaScript cold starts on AWS Lambda,https://goose.icu/lambda/,195
Investigating the Nvidia AI GPU Black Market [video],https://www.youtube.com/watch?v=1H3xQaf7BFI,27
PG Auto Upgrade – Docker (and K8s) container to auto upgrade your database,https://github.com/pgautoupgrade/docker-pgautoupgrade,27
Lessons learned from building a sync-engine and reactivity system with SQLite,https://www.finkelstein.fr/sqlite-sync-engine-with-reactivity,190
"Do things that don't scale, and then don't scale",https://derwiki.medium.com/do-things-that-dont-scale-and-then-don-t-scale-9fd2cd7e2156,505
Counting Words at SIMD Speed,https://healeycodes.com/counting-words-at-simd-speed,57
The End of Handwriting,https://www.wired.com/story/the-end-of-handwriting/,9
Review of Anti-Aging Drugs,https://scienceblog.com/joshmitteldorf/2025/08/17/review-of-anti-aging-drugs/,179
Pfeilstorch,https://en.wikipedia.org/wiki/Pfeilstorch,319
eBPF Networking Techniques – Packet Redirection (2023),https://who.ldelossa.is/posts/ebpf-networking-technique-packet-redirection/,19
Launch HN: Embedder (YC S25) – Claude code for embedded software,item?id=44915206,111
The administration's assault on science feels eerily Soviet,https://grist.org/politics/the-trump-administrations-assault-on-science-feels-eerily-soviet/,22
HN Search isn't ingesting new data since Friday,https://github.com/algolia/hn-search/issues/248,198
Programming in the Age of Abundance,https://guyren.me/2025/04/16/programming-in-the-age-of-abundance.html,29
RFK Jr.'s Wi-Fi and 5G conspiracies appear to make it into MAHA report draft,https://arstechnica.com/health/2025/08/maha-draft-takes-on-electromagnetic-radiation-echoing-rfk-jr-s-conspiracies/,63
Bullfrog in the Dungeon,https://www.filfre.net/2025/08/bullfrog-in-the-dungeon/,159
Investors lose billions on US penny stocks as 'pump and dump' scams multiply,https://www.ft.com/content/38c9815b-8ccc-40d5-bcbf-cfdb8b73ffa6,27
Modern Cars Wreak Havoc on Radar Detectors,https://www.thedrive.com/news/modern-cars-wreak-havoc-on-radar-detectors-heres-how-escort-adapts,61
Office on HP-UX and Unix,https://www.openpa.net/hp-ux_office.html,102
"Carved stone mask  – Pre-pottery, Neolithic B period",https://www.imj.org.il/en/collections/334459-0,47
Dev Compass – Programming Philosophy Quiz,https://treeform.github.io/devcompas/,210
Progress towards universal Copy/Paste shortcuts on Linux,https://mark.stosberg.com/universal-copy-paste/,161
"Living with Williams Syndrome, the 'opposite of autism' (2014)",https://www.bbc.com/news/health-26888280,112
"Dicing an Onion, the Mathematically Optimal Way",https://pudding.cool/2025/08/onions/,350
Why LLMs can't really build software,https://zed.dev/blog/why-llms-cant-build-software,845
Passive Microwave Repeaters,https://computer.rip/2025-08-16-passive-microwave-repeaters.html,57
AI is different,https://www.antirez.com/news/155,493
Is chain-of-thought AI reasoning a mirage?,https://www.seangoedecke.com/real-reasoning/,213
Gemma 3 270M: Compact model for hyper-efficient AI,https://developers.googleblog.com/en/introducing-gemma-3-270m/,806
Show HN: Edka – Kubernetes clusters on your own Hetzner account,https://edka.io,437
Dokploy is the sweet spot between PaaS and EC2,https://nikodunk.com/2025-06-10-diy-serverless-(coreos-+-dokploy),98
Physically Based Rendering in Filament,https://google.github.io/filament/Filament.md.html#overview,6
Show HN: Rust macro utility for batching expensive async operations,https://github.com/hackermondev/batched,28
The circular economy could make demolition a thing of the past,https://theconversation.com/the-circular-economy-could-make-demolition-a-thing-of-the-past-heres-how-261678,22
Show HN: Prime Number Grid Visualizer,https://enda.sh/primegrid/,131
"For Iris Murdoch, morality is about love, not duties and rules",https://aeon.co/essays/for-iris-murdoch-morality-is-about-love-not-duties-and-rules,49
Making Your Own Merchant Service Provider,https://voidfox.com/blog/payment_processor_fun_2025_making_your_own_msp/,264
Comparison of different C libraries providing generic containers capabilities,https://github.com/P-p-H-d/c-stl-comparison,42
Occult books digitized and put online by Amsterdam’s Ritman Library,https://www.openculture.com/2025/08/2178-occult-books-now-digitized-put-online.html,494
Guid Smash,https://www.guidsmash.com,180
"EloqKV, a distributed database with Redis compatible API (GPLv2 and AGPLv3)",https://github.com/eloqdata/eloqkv,8
AWS pricing for Kiro dev tool dubbed 'a wallet-wrecking tragedy',https://www.theregister.com/2025/08/18/aws_updated_kiro_pricing/,88
Simulating and Visualising the Central Limit Theorem,https://blog.foletta.net/post/2025-07-14-clt/,159
Show HN: RouteScout – A bike routing app that lets you love or hate hills,item?id=44935760,19
I accidentally became PureGym’s unofficial Apple Wallet developer,https://drobinin.com/posts/how-i-accidentally-became-puregyms-unofficial-apple-wallet-developer/,639
The billionaire developer closing London's pubs,https://www.the-londoner.co.uk/exclusive-the-billionaire-developer-closing-londons-pubs/,61
500 days of math,https://gmays.com/500-days-of-math/,213
Rooted Android phones vulnerable due to Android kernel patching flaws,https://zimperium.com/blog/the-rooting-of-all-evil-security-holes-that-could-compromise-your-mobile-device,16
A single lock of hair could rewrite what we know about Inca record-keeping,https://www.science.org/content/article/single-lock-hair-could-rewrite-what-we-know-about-inca-record-keeping,78
Model intelligence is no longer the constraint for automation,https://latentintent.substack.com/p/model-intelligence-is-no-longer-the,112
Claude Sonnet 4 now supports 1M tokens of context,https://www.anthropic.com/news/1m-context,1318
Show HN: Lue – Terminal eBook Reader with Text-to-Speech,https://github.com/superstarryeyes/lue,97
Show HN: Chatbang – Access ChatGPT from the terminal without an API key,https://github.com/ahmedhosssam/chatbang,20
The Raft Consensus Algorithm (2015),https://raft.github.io/,171
"'Tradwife', 'delulu' and 'skibidi' among new words added to Cambridge Dictionary",https://news.sky.com/story/tradwife-delulu-and-skibidi-among-new-words-added-to-cambridge-dictionary-13412150,39
Unstract: Open-source platform to ship document extraction APIs in minutes,https://github.com/Zipstack/unstract,8
Nuvistor Valves,http://www.r-type.org/articles/art-150.htm,35
Zenobia Pay – A mission to build an alternative to high-fee card networks,https://zenobiapay.com/blog/open-source-payments,260
Show HN: Super simple offline app to track yearly goals,https://anyg.me/goals/,11
GPT-5 doubles performance in offensive security benchmark,https://xbow.com/blog/gpt-5,26
The new science of “emergent misalignment”,https://www.quantamagazine.org/the-ai-was-fed-sloppy-code-it-turned-into-something-evil-20250813/,121
Does OLAP Need an ORM,https://clickhouse.com/blog/moosestack-does-olap-need-an-orm,73
The road that killed Legend Jenkins was working as designed,https://www.strongtowns.org/journal/2025/8/18/the-road-that-killed-legend-jenkins-was-working-exactly-as-designed,118
Nginx introduces native support for ACME protocol,https://blog.nginx.org/blog/native-support-for-acme-protocol,800
FFmpeg 8.0 adds Whisper support,https://code.ffmpeg.org/FFmpeg/FFmpeg/commit/13ce36fef98a3f4e6d8360c24d6b8434cbb8869b,1019
TextKit 2 – The Promised Land,https://blog.krzyzanowskim.com/2025/08/14/textkit-2-the-promised-land/,109
Launch HN: Golpo (YC S25) – AI-generated explainer videos,https://video.golpoai.com/,114
Running Wayland Clients as Non-Root Users on Yocto,https://embeddeduse.com/2025/08/11/running-wayland-clients-as-non-root-users/,33
AI doesn't lighten the burden of mastery,https://playtechnique.io/blog/ai-doesnt-lighten-the-burden-of-mastery.html,193
The electric fence stopped working years ago,https://soonly.com/electric-fences/,359
Non-invasive vagus nerve stimulation and exercise capacity in healthy volunteers,https://academic.oup.com/eurheartj/article/46/17/1634/8023896?login=false,105
Cache of WW2 bombs found under a playground in Northumberland,https://www.bbc.co.uk/news/articles/c36x08jezw5o,46
ADHD drug treatment and risk of negative events and outcomes,https://www.bmj.com/content/390/bmj-2024-083658,358
When did AI take over Hacker News?,https://zachperk.com/blog/when-did-ai-take-over-hn,303
Good multipliers for congruential pseudorandom number generators,https://arxiv.org/abs/2001.05304,19
The State of Python 2025,https://blog.jetbrains.com/pycharm/2025/08/the-state-of-python-2025/,5
Launch HN: Cyberdesk (YC S25) – Automate Windows legacy desktop apps,item?id=44901528,73
ResurrectedGod: The Ruby Framework for Process Management,https://github.com/mishina2228/resurrected_god,21
LLMs aren't world models,https://yosefk.com/blog/llms-arent-world-models.html,371
Dyna – Logic Programming for Machine Learning,https://dyna.org/,160
"Startup Yieldstreet's ""invest like the 1%"" took massive losses in RE bets",https://www.cnbc.com/2025/08/18/yieldstreet-real-estate-bets-customer-losses.html,6
Traps to Developers,https://qouteall.fun/qouteall-blog/2025/Traps%20to%20Developers,251
How randomness improves algorithms (2023),https://www.quantamagazine.org/how-randomness-improves-algorithms-20230403/,74
Show HN: Founderly – an AI cofounder to take you from idea to launch,item?id=44938288,6
Blurry rendering of games on Mac,https://www.colincornaby.me/2025/08/your-mac-game-is-probably-rendering-blurry/,452
An interactive guide to sensor fusion with quaternions,https://quaternion.cafe/,82
"Brain cells learn faster than machine learning, research reveals",https://techxplore.com/news/2025-08-brain-cells-faster-machine-reveals.html,16
Brazil's top court rules US laws do not apply to its territory,https://www.rfi.fr/en/international-news/20250819-brazil-s-top-court-rules-us-laws-do-not-apply-to-its-territory,22
"That 16B password story (a.k.a. ""data troll"")",https://www.troyhunt.com/that-16-billion-password-story-aka-data-troll/,112
First-of-Its-Kind Cell Transplant Brings a Cure for Diabetes Closer,https://www.sciencealert.com/first-of-its-kind-cell-transplant-brings-a-cure-for-diabetes-closer,4
"Dynasties, Selection, and Talent Allocation Among Classical Composers",https://papers.ssrn.com/sol3/papers.cfm?abstract_id=5304251,18
When the CIA got away with building a heart attack gun,https://wisewolfmedia.substack.com/p/the-investigation-that-should-have,174
